INSERT INTO TB_DICT (ID, P_ID, LEVEL, NAME, CODE, DATA, CREATED_BY, CREATED_DATE, LAST_MODIFIED_BY, LAST_MODIFIED_DATE, DATA_STATE) VALUES (1, 0, '0E', '性别', 'SYS.SEX', NULL, 'SYSTEM', '1970-01-01 08:00:00','SYSTEM', '1970-01-01 08:00:00', 2);
INSERT INTO TB_DICT (ID, P_ID, LEVEL, NAME, CODE, DATA, CREATED_BY, CREATED_DATE, LAST_MODIFIED_BY, LAST_MODIFIED_DATE, DATA_STATE) VALUES (2, 1, '0E.1E', '男', NULL, 'man', 'SYSTEM', '1970-01-01 08:00:00','SYSTEM', '1970-01-01 08:00:00', 2);
INSERT INTO TB_DICT (ID, P_ID, LEVEL, NAME, CODE, DATA, CREATED_BY, CREATED_DATE, LAST_MODIFIED_BY, LAST_MODIFIED_DATE, DATA_STATE) VALUES (3, 1, '0E.1E', '女', NULL, 'woman', 'SYSTEM', '1970-01-01 08:00:00','SYSTEM', '1970-01-01 08:00:00', 2);

INSERT INTO TB_USER_INFO (ID, NICKNAME, SEX_ID, CREATED_BY, CREATED_DATE, LAST_MODIFIED_BY, LAST_MODIFIED_DATE, DATA_STATE) VALUES (1, '阿龙', 2, 'SYSTEM', '1970-01-01 08:00:00','SYSTEM', '1970-01-01 08:00:00', 2);

INSERT INTO TB_USER (ID, USERNAME, PASSWORD, USER_INFO_ID, CREATED_BY, CREATED_DATE, LAST_MODIFIED_BY, LAST_MODIFIED_DATE, DATA_STATE) VALUES (1, 'admin', '$2a$10$Km1thLqzLKttPmijquLCsu0WLRgm5WazJT5GekbbmmHTIuemD2fum', 1, 'SYSTEM', '1970-01-01 08:00:00','SYSTEM', '1970-01-01 08:00:00', 2);

INSERT INTO TB_AUTHORITY (ID, NAME, CODE, CREATED_BY, CREATED_DATE, LAST_MODIFIED_BY, LAST_MODIFIED_DATE, DATA_STATE) VALUES (1, '系统管理员', 'ROLE_ADMIN', 'SYSTEM', '1970-01-01 08:00:00','SYSTEM', '1970-01-01 08:00:00', 2);
INSERT INTO TB_AUTHORITY (ID, NAME, CODE, CREATED_BY, CREATED_DATE, LAST_MODIFIED_BY, LAST_MODIFIED_DATE, DATA_STATE) VALUES (2, '系统管理员', 'ROLE_ADMIN', 'SYSTEM', '1970-01-01 08:00:00','SYSTEM', '1970-01-01 08:00:00', 0);

INSERT INTO TB_USER_AUTHORITY (USER_ID, AUTHORITY_ID) VALUES (1, 1);
INSERT INTO TB_USER_AUTHORITY (USER_ID, AUTHORITY_ID) VALUES (1, 2);

INSERT INTO TB_PERMISSIONS (ID, P_ID, LEVEL, NAME, PATH, ICON, CREATED_BY, CREATED_DATE, LAST_MODIFIED_BY, LAST_MODIFIED_DATE, DATA_STATE) VALUES (1, 0, '0E', '系统管理', '/system', 'setting', 'SYSTEM', '1970-01-01 08:00:00','SYSTEM', '1970-01-01 08:00:00', 2);
INSERT INTO TB_PERMISSIONS (ID, P_ID, LEVEL, NAME, PATH, ICON, CREATED_BY, CREATED_DATE, LAST_MODIFIED_BY, LAST_MODIFIED_DATE, DATA_STATE) VALUES (2, 0, '0E', '系统管理', '/system', 'setting', 'SYSTEM', '1970-01-01 08:00:00','SYSTEM', '1970-01-01 08:00:00', 0);
INSERT INTO TB_PERMISSIONS (ID, P_ID, LEVEL, NAME, PATH, ICON, CREATED_BY, CREATED_DATE, LAST_MODIFIED_BY, LAST_MODIFIED_DATE, DATA_STATE) VALUES (3, 1, '0E.1E', '用户管理', '/system/users', NULL, 'SYSTEM', '1970-01-01 08:00:00','SYSTEM', '1970-01-01 08:00:00', 2);
INSERT INTO TB_PERMISSIONS (ID, P_ID, LEVEL, NAME, PATH, ICON, CREATED_BY, CREATED_DATE, LAST_MODIFIED_BY, LAST_MODIFIED_DATE, DATA_STATE) VALUES (4, 1, '0E.1E', '菜单管理', '/system/permissions', NULL, 'SYSTEM', '1970-01-01 08:00:00','SYSTEM', '1970-01-01 08:00:00', 2);
INSERT INTO TB_PERMISSIONS (ID, P_ID, LEVEL, NAME, PATH, ICON, CREATED_BY, CREATED_DATE, LAST_MODIFIED_BY, LAST_MODIFIED_DATE, DATA_STATE) VALUES (5, 1, '0E.1E', '角色管理', '/system/authority', NULL, 'SYSTEM', '1970-01-01 08:00:00','SYSTEM', '1970-01-01 08:00:00', 2);
INSERT INTO TB_PERMISSIONS (ID, P_ID, LEVEL, NAME, PATH, ICON, CREATED_BY, CREATED_DATE, LAST_MODIFIED_BY, LAST_MODIFIED_DATE, DATA_STATE) VALUES (6, 0, '0E', '数据管理', '/data', 'database', 'SYSTEM', '1970-01-01 08:00:00','SYSTEM', '1970-01-01 08:00:00', 2);
INSERT INTO TB_PERMISSIONS (ID, P_ID, LEVEL, NAME, PATH, ICON, CREATED_BY, CREATED_DATE, LAST_MODIFIED_BY, LAST_MODIFIED_DATE, DATA_STATE) VALUES (7, 6, '0E.6E', '数据字典', '/data/dict', NULL, 'SYSTEM', '1970-01-01 08:00:00','SYSTEM', '1970-01-01 08:00:00', 2);
INSERT INTO TB_PERMISSIONS (ID, P_ID, LEVEL, NAME, PATH, ICON, CREATED_BY, CREATED_DATE, LAST_MODIFIED_BY, LAST_MODIFIED_DATE, DATA_STATE) VALUES (8, 6, '0E.6E', '文件管理', '/data/file', NULL, 'SYSTEM', '1970-01-01 08:00:00','SYSTEM', '1970-01-01 08:00:00', 2);

INSERT INTO TB_AUTHORITY_PERMISSIONS (AUTHORITY_ID, PERMISSIONS_ID) VALUES (1, 1);
INSERT INTO TB_AUTHORITY_PERMISSIONS (AUTHORITY_ID, PERMISSIONS_ID) VALUES (1, 2);
INSERT INTO TB_AUTHORITY_PERMISSIONS (AUTHORITY_ID, PERMISSIONS_ID) VALUES (1, 3);
INSERT INTO TB_AUTHORITY_PERMISSIONS (AUTHORITY_ID, PERMISSIONS_ID) VALUES (1, 4);
INSERT INTO TB_AUTHORITY_PERMISSIONS (AUTHORITY_ID, PERMISSIONS_ID) VALUES (1, 5);
INSERT INTO TB_AUTHORITY_PERMISSIONS (AUTHORITY_ID, PERMISSIONS_ID) VALUES (1, 6);
INSERT INTO TB_AUTHORITY_PERMISSIONS (AUTHORITY_ID, PERMISSIONS_ID) VALUES (1, 7);
INSERT INTO TB_AUTHORITY_PERMISSIONS (AUTHORITY_ID, PERMISSIONS_ID) VALUES (1, 8);
