INSERT INTO TB_DICT (ID, P_ID, LEVEL, DICT_NAME, DICT_CODE, DICT_DATA, CREATED_BY, CREATED_DATE, LAST_MODIFIED_BY, LAST_MODIFIED_DATE, DATA_STATE) VALUES (1, 0, '0E', '性别', 'SYS.SEX', NULL, 'SYSTEM', '1970-01-01 08:00:00', 'SYSTEM', '1970-01-01 08:00:00', 2);
INSERT INTO TB_DICT (ID, P_ID, LEVEL, DICT_NAME, DICT_CODE, DICT_DATA, CREATED_BY, CREATED_DATE, LAST_MODIFIED_BY, LAST_MODIFIED_DATE, DATA_STATE) VALUES (2, 1, '0E.1E', '男', NULL, 'man', 'SYSTEM', '1970-01-01 08:00:00', 'SYSTEM', '1970-01-01 08:00:00', 2);
INSERT INTO TB_DICT (ID, P_ID, LEVEL, DICT_NAME, DICT_CODE, DICT_DATA, CREATED_BY, CREATED_DATE, LAST_MODIFIED_BY, LAST_MODIFIED_DATE, DATA_STATE) VALUES (3, 1, '0E.1E', '女', NULL, 'woman', 'SYSTEM', '1970-01-01 08:00:00', 'SYSTEM', '1970-01-01 08:00:00', 2);
INSERT INTO TB_DICT (ID, P_ID, LEVEL, DICT_NAME, DICT_CODE, DICT_DATA, CREATED_BY, CREATED_DATE, LAST_MODIFIED_BY, LAST_MODIFIED_DATE, DATA_STATE) VALUES (4, 0, '0E', '请求类型', 'SYS.METHOD', NULL, 'SYSTEM', '1970-01-01 08:00:00', 'SYSTEM', '1970-01-01 08:00:00', 2);
INSERT INTO TB_DICT (ID, P_ID, LEVEL, DICT_NAME, DICT_CODE, DICT_DATA, CREATED_BY, CREATED_DATE, LAST_MODIFIED_BY, LAST_MODIFIED_DATE, DATA_STATE) VALUES (5, 4, '0E.4E', 'GET', NULL, 'GET', 'SYSTEM', '1970-01-01 08:00:00', 'SYSTEM', '1970-01-01 08:00:00', 2);
INSERT INTO TB_DICT (ID, P_ID, LEVEL, DICT_NAME, DICT_CODE, DICT_DATA, CREATED_BY, CREATED_DATE, LAST_MODIFIED_BY, LAST_MODIFIED_DATE, DATA_STATE) VALUES (6, 4, '0E.4E', 'HEAD', NULL, 'HEAD', 'SYSTEM', '1970-01-01 08:00:00', 'SYSTEM', '1970-01-01 08:00:00', 2);
INSERT INTO TB_DICT (ID, P_ID, LEVEL, DICT_NAME, DICT_CODE, DICT_DATA, CREATED_BY, CREATED_DATE, LAST_MODIFIED_BY, LAST_MODIFIED_DATE, DATA_STATE) VALUES (7, 4, '0E.4E', 'POST', NULL, 'POST', 'SYSTEM', '1970-01-01 08:00:00', 'SYSTEM', '1970-01-01 08:00:00', 2);
INSERT INTO TB_DICT (ID, P_ID, LEVEL, DICT_NAME, DICT_CODE, DICT_DATA, CREATED_BY, CREATED_DATE, LAST_MODIFIED_BY, LAST_MODIFIED_DATE, DATA_STATE) VALUES (8, 4, '0E.4E', 'PUT', NULL, 'PUT', 'SYSTEM', '1970-01-01 08:00:00', 'SYSTEM', '1970-01-01 08:00:00', 2);
INSERT INTO TB_DICT (ID, P_ID, LEVEL, DICT_NAME, DICT_CODE, DICT_DATA, CREATED_BY, CREATED_DATE, LAST_MODIFIED_BY, LAST_MODIFIED_DATE, DATA_STATE) VALUES (9, 4, '0E.4E', 'PATCH', NULL, 'PATCH', 'SYSTEM', '1970-01-01 08:00:00', 'SYSTEM', '1970-01-01 08:00:00', 2);
INSERT INTO TB_DICT (ID, P_ID, LEVEL, DICT_NAME, DICT_CODE, DICT_DATA, CREATED_BY, CREATED_DATE, LAST_MODIFIED_BY, LAST_MODIFIED_DATE, DATA_STATE) VALUES (10, 4, '0E.4E', 'DELETE', NULL, 'DELETE', 'SYSTEM', '1970-01-01 08:00:00', 'SYSTEM', '1970-01-01 08:00:00', 2);
INSERT INTO TB_DICT (ID, P_ID, LEVEL, DICT_NAME, DICT_CODE, DICT_DATA, CREATED_BY, CREATED_DATE, LAST_MODIFIED_BY, LAST_MODIFIED_DATE, DATA_STATE) VALUES (11, 4, '0E.4E', 'OPTIONS', NULL, 'OPTIONS', 'SYSTEM', '1970-01-01 08:00:00', 'SYSTEM', '1970-01-01 08:00:00', 2);
INSERT INTO TB_DICT (ID, P_ID, LEVEL, DICT_NAME, DICT_CODE, DICT_DATA, CREATED_BY, CREATED_DATE, LAST_MODIFIED_BY, LAST_MODIFIED_DATE, DATA_STATE) VALUES (12, 4, '0E.4E', 'TRACE', NULL, 'TRACE', 'SYSTEM', '1970-01-01 08:00:00', 'SYSTEM', '1970-01-01 08:00:00', 2);

INSERT INTO TB_USER_INFO (ID, NICKNAME, SEX_ID, CREATED_BY, CREATED_DATE, LAST_MODIFIED_BY, LAST_MODIFIED_DATE, DATA_STATE) VALUES (1, '阿龙', 2, 'SYSTEM', '1970-01-01 08:00:00', 'SYSTEM', '1970-01-01 08:00:00', 2);

INSERT INTO TB_USER (ID, USERNAME, PASSWORD, USER_INFO_ID, CREATED_BY, CREATED_DATE, LAST_MODIFIED_BY, LAST_MODIFIED_DATE, DATA_STATE) VALUES (1, 'admin', '$2a$10$Km1thLqzLKttPmijquLCsu0WLRgm5WazJT5GekbbmmHTIuemD2fum', 1, 'SYSTEM', '1970-01-01 08:00:00', 'SYSTEM', '1970-01-01 08:00:00', 2);

INSERT INTO TB_AUTHORITY (ID, AUTHORITY_NAME, AUTHORITY_CODE, CREATED_BY, CREATED_DATE, LAST_MODIFIED_BY, LAST_MODIFIED_DATE, DATA_STATE) VALUES (1, '系统管理员', 'ROLE_ADMIN', 'SYSTEM', '1970-01-01 08:00:00', 'SYSTEM', '1970-01-01 08:00:00', 2);
INSERT INTO TB_AUTHORITY (ID, AUTHORITY_NAME, AUTHORITY_CODE, CREATED_BY, CREATED_DATE, LAST_MODIFIED_BY, LAST_MODIFIED_DATE, DATA_STATE) VALUES (2, '系统管理员', 'ROLE_ADMIN', 'SYSTEM', '1970-01-01 08:00:00', 'SYSTEM', '1970-01-01 08:00:00', 0);

INSERT INTO TB_USER_AUTHORITY (USER_ID, AUTHORITY_ID) VALUES (1, 1);
INSERT INTO TB_USER_AUTHORITY (USER_ID, AUTHORITY_ID) VALUES (1, 2);

INSERT INTO TB_PERMISSION (ID, P_ID, LEVEL, PERMISSION_NAME, PERMISSION_PATH, PERMISSION_ICON, PERMISSION_SEQ, CREATED_BY, CREATED_DATE, LAST_MODIFIED_BY, LAST_MODIFIED_DATE, DATA_STATE) VALUES (1, 0, '0E', '系统管理', '/system', 'setting', 0, 'SYSTEM', '1970-01-01 08:00:00', 'SYSTEM', '1970-01-01 08:00:00', 2);
INSERT INTO TB_PERMISSION (ID, P_ID, LEVEL, PERMISSION_NAME, PERMISSION_PATH, PERMISSION_ICON, PERMISSION_SEQ, CREATED_BY, CREATED_DATE, LAST_MODIFIED_BY, LAST_MODIFIED_DATE, DATA_STATE) VALUES (2, 0, '0E', '系统管理', '/system', 'setting', 0, 'SYSTEM', '1970-01-01 08:00:00', 'SYSTEM', '1970-01-01 08:00:00', 0);
INSERT INTO TB_PERMISSION (ID, P_ID, LEVEL, PERMISSION_NAME, PERMISSION_PATH, PERMISSION_ICON, PERMISSION_SEQ, CREATED_BY, CREATED_DATE, LAST_MODIFIED_BY, LAST_MODIFIED_DATE, DATA_STATE) VALUES (3, 1, '0E.1E', '用户管理', '/system/users', NULL, 0, 'SYSTEM', '1970-01-01 08:00:00', 'SYSTEM', '1970-01-01 08:00:00', 2);
INSERT INTO TB_PERMISSION (ID, P_ID, LEVEL, PERMISSION_NAME, PERMISSION_PATH, PERMISSION_ICON, PERMISSION_SEQ, CREATED_BY, CREATED_DATE, LAST_MODIFIED_BY, LAST_MODIFIED_DATE, DATA_STATE) VALUES (4, 1, '0E.1E', '菜单管理', '/system/permissions', NULL, 0, 'SYSTEM', '1970-01-01 08:00:00', 'SYSTEM', '1970-01-01 08:00:00', 2);
INSERT INTO TB_PERMISSION (ID, P_ID, LEVEL, PERMISSION_NAME, PERMISSION_PATH, PERMISSION_ICON, PERMISSION_SEQ, CREATED_BY, CREATED_DATE, LAST_MODIFIED_BY, LAST_MODIFIED_DATE, DATA_STATE) VALUES (5, 1, '0E.1E', '角色管理', '/system/authority', NULL, 0, 'SYSTEM', '1970-01-01 08:00:00', 'SYSTEM', '1970-01-01 08:00:00', 2);
INSERT INTO TB_PERMISSION (ID, P_ID, LEVEL, PERMISSION_NAME, PERMISSION_PATH, PERMISSION_ICON, PERMISSION_SEQ, CREATED_BY, CREATED_DATE, LAST_MODIFIED_BY, LAST_MODIFIED_DATE, DATA_STATE) VALUES (6, 0, '0E', '数据管理', '/data', 'database', 0, 'SYSTEM', '1970-01-01 08:00:00', 'SYSTEM', '1970-01-01 08:00:00', 2);
INSERT INTO TB_PERMISSION (ID, P_ID, LEVEL, PERMISSION_NAME, PERMISSION_PATH, PERMISSION_ICON, PERMISSION_SEQ, CREATED_BY, CREATED_DATE, LAST_MODIFIED_BY, LAST_MODIFIED_DATE, DATA_STATE) VALUES (7, 6, '0E.6E', '数据字典', '/data/dict', NULL, 0, 'SYSTEM', '1970-01-01 08:00:00', 'SYSTEM', '1970-01-01 08:00:00', 2);
INSERT INTO TB_PERMISSION (ID, P_ID, LEVEL, PERMISSION_NAME, PERMISSION_PATH, PERMISSION_ICON, PERMISSION_SEQ, CREATED_BY, CREATED_DATE, LAST_MODIFIED_BY, LAST_MODIFIED_DATE, DATA_STATE) VALUES (8, 6, '0E.6E', '文件管理', '/data/file', NULL, 0, 'SYSTEM', '1970-01-01 08:00:00', 'SYSTEM', '1970-01-01 08:00:00', 2);

INSERT INTO TB_RESOURCE (ID, RESOURCE_PATTERN, RESOURCE_DESC, METHOD_ID, PERMISSION_ID, CREATED_BY, CREATED_DATE, LAST_MODIFIED_BY, LAST_MODIFIED_DATE, DATA_STATE) VALUES (1, '/api/users/**', '新增用户', 7, 3, 'SYSTEM', '1970-01-01 08:00:00', 'SYSTEM', '1970-01-01 08:00:00', 2);
INSERT INTO TB_RESOURCE (ID, RESOURCE_PATTERN, RESOURCE_DESC, METHOD_ID, PERMISSION_ID, CREATED_BY, CREATED_DATE, LAST_MODIFIED_BY, LAST_MODIFIED_DATE, DATA_STATE) VALUES (2, '/api/users/**', '查询用户', 5, 3, 'SYSTEM', '1970-01-01 08:00:00', 'SYSTEM', '1970-01-01 08:00:00', 2);
INSERT INTO TB_RESOURCE (ID, RESOURCE_PATTERN, RESOURCE_DESC, METHOD_ID, PERMISSION_ID, CREATED_BY, CREATED_DATE, LAST_MODIFIED_BY, LAST_MODIFIED_DATE, DATA_STATE) VALUES (3, '/api/users/**', '修改用户', 8, 3, 'SYSTEM', '1970-01-01 08:00:00', 'SYSTEM', '1970-01-01 08:00:00', 2);
INSERT INTO TB_RESOURCE (ID, RESOURCE_PATTERN, RESOURCE_DESC, METHOD_ID, PERMISSION_ID, CREATED_BY, CREATED_DATE, LAST_MODIFIED_BY, LAST_MODIFIED_DATE, DATA_STATE) VALUES (4, '/api/users/**', '删除用户', 10, 3, 'SYSTEM', '1970-01-01 08:00:00', 'SYSTEM', '1970-01-01 08:00:00', 2);
INSERT INTO TB_RESOURCE (ID, RESOURCE_PATTERN, RESOURCE_DESC, METHOD_ID, PERMISSION_ID, CREATED_BY, CREATED_DATE, LAST_MODIFIED_BY, LAST_MODIFIED_DATE, DATA_STATE) VALUES (5, '/api/permissions/**', '新增菜单', 7, 4, 'SYSTEM', '1970-01-01 08:00:00', 'SYSTEM', '1970-01-01 08:00:00', 2);
INSERT INTO TB_RESOURCE (ID, RESOURCE_PATTERN, RESOURCE_DESC, METHOD_ID, PERMISSION_ID, CREATED_BY, CREATED_DATE, LAST_MODIFIED_BY, LAST_MODIFIED_DATE, DATA_STATE) VALUES (6, '/api/permissions/**', '查询菜单', 5, 4, 'SYSTEM', '1970-01-01 08:00:00', 'SYSTEM', '1970-01-01 08:00:00', 2);
INSERT INTO TB_RESOURCE (ID, RESOURCE_PATTERN, RESOURCE_DESC, METHOD_ID, PERMISSION_ID, CREATED_BY, CREATED_DATE, LAST_MODIFIED_BY, LAST_MODIFIED_DATE, DATA_STATE) VALUES (7, '/api/permissions/**', '修改菜单', 8, 4, 'SYSTEM', '1970-01-01 08:00:00', 'SYSTEM', '1970-01-01 08:00:00', 2);
INSERT INTO TB_RESOURCE (ID, RESOURCE_PATTERN, RESOURCE_DESC, METHOD_ID, PERMISSION_ID, CREATED_BY, CREATED_DATE, LAST_MODIFIED_BY, LAST_MODIFIED_DATE, DATA_STATE) VALUES (8, '/api/permissions/**', '删除菜单', 10, 4, 'SYSTEM', '1970-01-01 08:00:00', 'SYSTEM', '1970-01-01 08:00:00', 2);
INSERT INTO TB_RESOURCE (ID, RESOURCE_PATTERN, RESOURCE_DESC, METHOD_ID, PERMISSION_ID, CREATED_BY, CREATED_DATE, LAST_MODIFIED_BY, LAST_MODIFIED_DATE, DATA_STATE) VALUES (9, '/api/resource/**', '新增菜单资源', 7, 4, 'SYSTEM', '1970-01-01 08:00:00', 'SYSTEM', '1970-01-01 08:00:00', 2);
INSERT INTO TB_RESOURCE (ID, RESOURCE_PATTERN, RESOURCE_DESC, METHOD_ID, PERMISSION_ID, CREATED_BY, CREATED_DATE, LAST_MODIFIED_BY, LAST_MODIFIED_DATE, DATA_STATE) VALUES (10, '/api/resource/**', '查询菜单资源', 5, 4, 'SYSTEM', '1970-01-01 08:00:00', 'SYSTEM', '1970-01-01 08:00:00', 2);
INSERT INTO TB_RESOURCE (ID, RESOURCE_PATTERN, RESOURCE_DESC, METHOD_ID, PERMISSION_ID, CREATED_BY, CREATED_DATE, LAST_MODIFIED_BY, LAST_MODIFIED_DATE, DATA_STATE) VALUES (11, '/api/resource/**', '修改菜单资源', 8, 4, 'SYSTEM', '1970-01-01 08:00:00', 'SYSTEM', '1970-01-01 08:00:00', 2);
INSERT INTO TB_RESOURCE (ID, RESOURCE_PATTERN, RESOURCE_DESC, METHOD_ID, PERMISSION_ID, CREATED_BY, CREATED_DATE, LAST_MODIFIED_BY, LAST_MODIFIED_DATE, DATA_STATE) VALUES (12, '/api/resource/**', '删除菜单资源', 10, 4, 'SYSTEM', '1970-01-01 08:00:00', 'SYSTEM', '1970-01-01 08:00:00', 2);
INSERT INTO TB_RESOURCE (ID, RESOURCE_PATTERN, RESOURCE_DESC, METHOD_ID, PERMISSION_ID, CREATED_BY, CREATED_DATE, LAST_MODIFIED_BY, LAST_MODIFIED_DATE, DATA_STATE) VALUES (13, '/api/authority/**', '新增角色', 7, 5, 'SYSTEM', '1970-01-01 08:00:00', 'SYSTEM', '1970-01-01 08:00:00', 2);
INSERT INTO TB_RESOURCE (ID, RESOURCE_PATTERN, RESOURCE_DESC, METHOD_ID, PERMISSION_ID, CREATED_BY, CREATED_DATE, LAST_MODIFIED_BY, LAST_MODIFIED_DATE, DATA_STATE) VALUES (14, '/api/authority/**', '查询角色', 5, 5, 'SYSTEM', '1970-01-01 08:00:00', 'SYSTEM', '1970-01-01 08:00:00', 2);
INSERT INTO TB_RESOURCE (ID, RESOURCE_PATTERN, RESOURCE_DESC, METHOD_ID, PERMISSION_ID, CREATED_BY, CREATED_DATE, LAST_MODIFIED_BY, LAST_MODIFIED_DATE, DATA_STATE) VALUES (15, '/api/authority/**', '修改角色', 8, 5, 'SYSTEM', '1970-01-01 08:00:00', 'SYSTEM', '1970-01-01 08:00:00', 2);
INSERT INTO TB_RESOURCE (ID, RESOURCE_PATTERN, RESOURCE_DESC, METHOD_ID, PERMISSION_ID, CREATED_BY, CREATED_DATE, LAST_MODIFIED_BY, LAST_MODIFIED_DATE, DATA_STATE) VALUES (16, '/api/authority/**', '删除角色', 10, 5, 'SYSTEM', '1970-01-01 08:00:00', 'SYSTEM', '1970-01-01 08:00:00', 2);
INSERT INTO TB_RESOURCE (ID, RESOURCE_PATTERN, RESOURCE_DESC, METHOD_ID, PERMISSION_ID, CREATED_BY, CREATED_DATE, LAST_MODIFIED_BY, LAST_MODIFIED_DATE, DATA_STATE) VALUES (17, '/api/dict/**', '新增字典', 7, 7, 'SYSTEM', '1970-01-01 08:00:00', 'SYSTEM', '1970-01-01 08:00:00', 2);
INSERT INTO TB_RESOURCE (ID, RESOURCE_PATTERN, RESOURCE_DESC, METHOD_ID, PERMISSION_ID, CREATED_BY, CREATED_DATE, LAST_MODIFIED_BY, LAST_MODIFIED_DATE, DATA_STATE) VALUES (18, '/api/dict/**', '查询字典', 5, 7, 'SYSTEM', '1970-01-01 08:00:00', 'SYSTEM', '1970-01-01 08:00:00', 2);
INSERT INTO TB_RESOURCE (ID, RESOURCE_PATTERN, RESOURCE_DESC, METHOD_ID, PERMISSION_ID, CREATED_BY, CREATED_DATE, LAST_MODIFIED_BY, LAST_MODIFIED_DATE, DATA_STATE) VALUES (19, '/api/dict/**', '修改字典', 8, 7, 'SYSTEM', '1970-01-01 08:00:00', 'SYSTEM', '1970-01-01 08:00:00', 2);
INSERT INTO TB_RESOURCE (ID, RESOURCE_PATTERN, RESOURCE_DESC, METHOD_ID, PERMISSION_ID, CREATED_BY, CREATED_DATE, LAST_MODIFIED_BY, LAST_MODIFIED_DATE, DATA_STATE) VALUES (20, '/api/dict/**', '删除菜单', 10, 7, 'SYSTEM', '1970-01-01 08:00:00', 'SYSTEM', '1970-01-01 08:00:00', 2);
INSERT INTO TB_RESOURCE (ID, RESOURCE_PATTERN, RESOURCE_DESC, METHOD_ID, PERMISSION_ID, CREATED_BY, CREATED_DATE, LAST_MODIFIED_BY, LAST_MODIFIED_DATE, DATA_STATE) VALUES (21, '/api/file/**', '查询文件', 5, 8, 'SYSTEM', '1970-01-01 08:00:00', 'SYSTEM', '1970-01-01 08:00:00', 2);

INSERT INTO TB_AUTHORITY_PERMISSION (AUTHORITY_ID, PERMISSION_ID) VALUES (1, 1);
INSERT INTO TB_AUTHORITY_PERMISSION (AUTHORITY_ID, PERMISSION_ID) VALUES (1, 2);
INSERT INTO TB_AUTHORITY_PERMISSION (AUTHORITY_ID, PERMISSION_ID) VALUES (1, 3);
INSERT INTO TB_AUTHORITY_PERMISSION (AUTHORITY_ID, PERMISSION_ID) VALUES (1, 4);
INSERT INTO TB_AUTHORITY_PERMISSION (AUTHORITY_ID, PERMISSION_ID) VALUES (1, 5);
INSERT INTO TB_AUTHORITY_PERMISSION (AUTHORITY_ID, PERMISSION_ID) VALUES (1, 6);
INSERT INTO TB_AUTHORITY_PERMISSION (AUTHORITY_ID, PERMISSION_ID) VALUES (1, 7);
INSERT INTO TB_AUTHORITY_PERMISSION (AUTHORITY_ID, PERMISSION_ID) VALUES (1, 8);
